Date,MAX_SHARPE,HRP,HRP_MOMENTUM,SPY
2019Q2,0.02849379432128951,0.036652151951908296,0.036652151951908296,0.04228583722801238
2019Q3,0.04437626303516495,0.0160880619982251,0.0160880619982251,0.017544350174542478
2019Q4,0.03721878495221809,0.060359183764336466,0.060359183764336466,0.08987580795390415
2020Q1,0.020547935968564968,0.013690482490892997,0.013690482490892997,-0.19447701128913253
2020Q2,0.08112989392709458,0.1721077954969974,0.1721077954969974,0.20161790468128715
2020Q3,0.04473240548658253,0.059532137295279064,0.059532137295279064,0.09038305947645697
2020Q4,0.04318643960811097,0.11632536967777929,0.11632536967777929,0.12118529284025836
2021Q1,-0.033368921096415316,0.03031487179579795,0.03031487179579795,0.06351769796667339
2021Q2,0.08292903687093722,0.05985982896539066,0.05985982896539066,0.0835932420089367
2021Q3,-0.0011861711229628202,-0.004277513956778223,-0.004277513956778223,0.005734683797323337
2021Q4,0.023491322594734187,0.01600898739703016,0.022400980647618862,0.11066021651110924
2022Q1,-0.06783337025921021,-0.012717398066075858,-0.02557202529280711,-0.0461448878615186
2022Q2,-0.03491481464287782,-0.09418072821249723,-0.08655861642771723,-0.1611027156300736
2022Q3,-0.021180575453961903,-0.026750714358173444,-0.024444273847450182,-0.049311514671128376
2022Q4,0.07424319286216119,0.07975683289347746,0.08618923936528411,0.07560934751129289
2023Q1,0.03634105978679303,0.0809138781295009,0.09334595142046398,0.07458219486873507
2023Q2,0.06601077512191167,0.029674538507201476,0.052870588825954856,0.08680377630549785
2023Q3,-0.049295588040321525,-0.00909421696101731,-0.011469673907050448,-0.032241726023056194
2023Q4,0.1463350859753394,0.08404011441934256,0.08969466251520553,0.11639625272952459
2024Q1,0.15928466604881364,0.04786085418378638,0.08727823898732368,0.10390094987927334
2024Q2,-0.002868168153999928,0.009489853785729085,-0.0027443910089433032,0.043790993378069354
2024Q3,0.062051963415518774,0.039519799856944315,0.03827815211466712,0.05751323353569071
2024Q4,0.04117349475824783,0.022620662831719818,0.02906792726503893,0.024910378857098348
2025Q1,0.05503600927099228,0.005236459459868392,-0.012008696549305475,-0.04266863094930562
2025Q2,0.045637979026549536,0.0898496025596236,0.08794474969887656,0.10777180835196498
2025Q3,0.08871843051246708,0.038819615476585856,0.048298118309906046,0.08121223242906339
2025Q4,0.030634758147906727,0.012345013551077866,0.02021635576188663,0.026651962144301322
2026Q1,0.00522108171348501,0.004665337184808882,0.015624829490918923,-0.04370584558740365
2026Q2,0.04509116733438567,0.043793399542709555,0.04379339954270933,0.13978837129878063
